-- phpMyAdmin SQL Dump
-- version 3.2.4
-- http://www.phpmyadmin.net
--
-- Host: localhost
-- Generation Time: Jan 13, 2015 at 11:09 AM
-- Server version: 5.1.41
-- PHP Version: 5.3.1

SET SQL_MODE="NO_AUTO_VALUE_ON_ZERO";


/*!40101 SET @OLD_CHARACTER_SET_CLIENT=@@CHARACTER_SET_CLIENT */;
/*!40101 SET @OLD_CHARACTER_SET_RESULTS=@@CHARACTER_SET_RESULTS */;
/*!40101 SET @OLD_COLLATION_CONNECTION=@@COLLATION_CONNECTION */;
/*!40101 SET NAMES utf8 */;

--
-- Database: `db_blog_batch16`
--

-- --------------------------------------------------------

--
-- Table structure for table `tbl_admin`
--

CREATE TABLE IF NOT EXISTS `tbl_admin` (
  `admin_id` int(2) NOT NULL AUTO_INCREMENT,
  `admin_full_name` varchar(50) NOT NULL,
  `admin_email_address` varchar(100) NOT NULL,
  `admin_password` varchar(32) NOT NULL,
  `access_lavel` tinyint(1) NOT NULL DEFAULT '0',
  PRIMARY KEY (`admin_id`)
) ENGINE=MyISAM  DEFAULT CHARSET=utf8 AUTO_INCREMENT=3 ;

--
-- Dumping data for table `tbl_admin`
--

INSERT INTO `tbl_admin` (`admin_id`, `admin_full_name`, `admin_email_address`, `admin_password`, `access_lavel`) VALUES
(1, 'Md. Saahil Alam Talha', 'saahil.alam@gmail.com', 'e10adc3949ba59abbe56e057f20f883e', 1),
(2, 'Md. Shafiul Alam Topu', 'topu1826@gmail.com', '96e79218965eb72c92a549dd5a330112', 0);

-- --------------------------------------------------------

--
-- Table structure for table `tbl_blog`
--

CREATE TABLE IF NOT EXISTS `tbl_blog` (
  `blog_id` int(5) NOT NULL AUTO_INCREMENT,
  `category_id` int(2) NOT NULL,
  `blog_title` varchar(255) NOT NULL,
  `blog_short_description` text NOT NULL,
  `blog_long_description` text NOT NULL,
  `publication_status` tinyint(1) NOT NULL,
  `hit_count` int(4) NOT NULL DEFAULT '0',
  `created_date_time` timestamp NOT NULL DEFAULT CURRENT_TIMESTAMP,
  `author_name` varchar(50) NOT NULL,
  PRIMARY KEY (`blog_id`)
) ENGINE=MyISAM  DEFAULT CHARSET=utf8 AUTO_INCREMENT=10 ;

--
-- Dumping data for table `tbl_blog`
--

INSERT INTO `tbl_blog` (`blog_id`, `category_id`, `blog_title`, `blog_short_description`, `blog_long_description`, `publication_status`, `hit_count`, `created_date_time`, `author_name`) VALUES
(2, 1, 'অ্যাটলেটিকোর বিপক্ষে বড় জয় বার্সার', 'জ্বলে উঠেছিলেন মেসি, নেইমার, সুয়ারেজ—এই তিন তারকাই। আর তাতেই ন্যু \r\nক্যাম্পে আলো ছড়াল বার্সেলোনা। অ্যাটলেটিকো মাদ্রিদকে ৩-১ গোলে হারিয়ে লা\r\n লিগায় দারুণ এক জয় তুলে নিয়েছে কাতালানিয়ারা।<br>তিন তারকাই কাল পেয়েছেন একটি করে গোল। অ্যাটলেটিকোর পক্ষে একমাত্র গোলটি মারিও মানজুকিচের।', 'জ্বলে উঠেছিলেন মেসি, নেইমার, সুয়ারেজ—এই তিন তারকাই। আর তাতেই ন্যু \r\nক্যাম্পে আলো ছড়াল বার্সেলোনা। অ্যাটলেটিকো মাদ্রিদকে ৩-১ গোলে হারিয়ে লা\r\n লিগায় দারুণ এক জয় তুলে নিয়েছে কাতালানিয়ারা।<br>তিন তারকাই কাল পেয়েছেন একটি করে গোল। অ্যাটলেটিকোর পক্ষে একমাত্র গোলটি মারিও মানজুকিচের।<br>খেলার\r\n শুরু থেকেই অ্যাটলেটিকোর ওপর আক্রমণে ঝাঁপিয়ে পড়ে বার্সেলোনা। একাদশ \r\nমিনিটে বার্সার আক্রমণের তোড়ে ভেঙে যায় অ্যাটলেটিকোর প্রতিরোধের দেয়াল।<br>মেসির পাস থেকে প্রতিপক্ষের জালে বল ফেলেন নেইমার।<br>২৩ মিনিটে সুয়ারেজের ক্রস থেকে বল পেয়েও তা গোলে ঠেলতে পারেননি নেইমার। তাঁর হেড অল্পের জন্য লক্ষ্যভ্রষ্ট হয়।<br>২৯\r\n মিনিটে মেসি-নেইমার যুগলবন্দী ব্যবধান বাড়ানোর সুযোগ এনে দিয়েছিল \r\nবার্সেলোনার সামনে। তবে এবার তাঁদের সামনে দেয়াল হয়ে দাঁড়ান গোলরক্ষক।<br>৩৬\r\n মিনিটে সুয়ারেজের গোলে ২-০তে এগিয়ে যায় বার্সা। তবে এই গোলে মেসির \r\nঅবদানই ছিল মূল। ডান প্রান্ত থেকে ক্ষিপ্রগতিতে বল নিয়ে ঢুকে অ্যাটলেটিকোর\r\n গোলমুখে ক্রস ফেলেন তিনি। আর্জেন্টাইন তারকার বানিয়ে দেওয়া সুযোগ গোলে \r\nপরিণত করতে একেবারেই বেগ পাননি সুয়ারেজ।<br>৫৭ মিনিটে মেসির মাধ্যমেই \r\nব্যবধান কমায় অ্যাটলেটিকো। নিজেদের ডি বক্সে অ্যাটলেটিকোর গোমেজকে ফাউল \r\nকরেন মেসি। তাঁর এই অপরাধে পেনাল্টির বাঁশি বাজান রেফারি। পেনাল্টি থেকে \r\nগোল করেন মানজুকিচ।<br>নির্ধারিত সময় শেষের একটু আগে স্কোরশিটে নিজের নাম তোলেন মেসি। তাঁর গোলে দারুণ জয়টাও নিশ্চিত হয়ে যায় লুইস এনরিকের শিষ্যদের।<br>ম্যাচ\r\n শেষে ক্যানাল প্লাসকে দেওয়া এক সাক্ষাৎকারে ব্রাজিলীয় তারকা নেইমার দাবি\r\n করেছেন, সংকট কাটিয়ে বার্সেলোনা এই মুহূর্তে ঘুরে দাঁড়িয়েছে, ‘আমাদের \r\nদলে এই মুহূর্তে কোনো সংকট নেই। আমরা সংকট কাটিয়ে উঠেছি। ধীরে ধীরে আমরা \r\nএখন ঘুরেও দাঁড়াচ্ছি। আমরা এখন সবাই ঐক্যবদ্ধ।’<br>সংকট কাটানোর দাবি করে \r\nনেইমার এখন মাঠের খেলায় সতীর্থদের কাছে পরিপূর্ণ মনোযোগই আশা করছেন, \r\n‘আমাদের মনোযোগ এখন পুরোপুরি মাঠেই নিবদ্ধ করতে হবে। এ ছাড়া ভালো ফলের \r\nকোনো সুযোগ নেই।’<br>প্রথমার্ধে বাজে খেলার কারণেই এই ম্যাচটি অ্যাটলেটিকোর\r\n হাত থেকে বেরিয়ে গেছে বলে দাবি করেছেন কোচ ডিয়েগো সিমিওনে, ‘প্রধমার্ধে \r\nআমরা খুব বাজে খেলেছি। আমাদের গতি বলতে কিছুই ছিল না। আমরা প্রতিপক্ষের ওপর\r\n কোনো চাপই সৃষ্টি করতে পারিনি। দ্বিতীয়ার্ধে প্রতিদ্বন্দ্বিতা গড়লেও \r\nম্যাচ ততক্ষণে আমাদের হাত থেকে বেরিয়ে গেছে।’ সূত্র: এএফপি।', 1, 3, '2015-01-12 06:22:29', 'Md. Shafiul Alam Topu'),
(3, 1, 'সেরা রোনালদোই', 'আজ রাতেই বিশ্ব জেনে যাবে এই ধরণির সেরা খেলোয়াড়ের নাম। ক্রিস্টিয়ানো \r\nরোনালদো, লিওনেল মেসি না ম্যানুয়াল নয়্যার—কার হাতে উঠবে এই অনন্য \r\nপুরস্কারটি! নানা মুনির নানা মত। পৃথিবী বিভক্ত নিজ নিজ সমর্থন নিয়ে। \r\n', 'আজ রাতেই বিশ্ব জেনে যাবে এই ধরণির সেরা খেলোয়াড়ের নাম। ক্রিস্টিয়ানো \r\nরোনালদো, লিওনেল মেসি না ম্যানুয়াল নয়্যার—কার হাতে উঠবে এই অনন্য \r\nপুরস্কারটি! নানা মুনির নানা মত। পৃথিবী বিভক্ত নিজ নিজ সমর্থন নিয়ে। \r\nফুটবলপ্রেমীদের চা-কফির কাপে ঝড়। মেসি-ভক্তদের আশা এক বছর পর এই পুরস্কার \r\nআবারও উঠবে তাঁদের প্রিয় খেলোয়াড়ের হাতে। রোনালদো-ভক্তরা মনে-প্রাণে \r\nঅপেক্ষায় টানা দ্বিতীয়বারের মতো ‘সিআর-সেভেনে’র উল্লাস উপভোগ করতে। \r\nভিন্নতাবাদীরা চান, নাহ, এবারের পুরস্কারটা উঠুক জার্মান গোলরক্ষক \r\nম্যানুয়াল নয়্যারের হাতেই।<br>বাংলাদেশ জাতীয় ফুটবল দলের সাবেক কোচ \r\nডিয়েগো ক্রুসিয়ানিকে মনে আছে? মেসি-ভক্ত মানুষ। আর্জেন্টাইন মহাতারকাকে \r\nতিনি বিশ্বের সেরা ফুটবলার হিসেবেই মনে করেন। তবে আজকের ব্যালন ডি’অর \r\nপুরস্কারটা যে তাঁর স্বদেশির হাতে উঠছে—এ কথা বিশ্বাস করেন না তিনি। \r\nসামাজিক যোগাযোগের মাধ্যমে প্রথম আলোর সঙ্গে একান্ত আলাপচারিতায় তিনি \r\nজানিয়েছেন, মেসি নন এবারের ব্যালন ডি’অর পেতে যাচ্ছেন ক্রিস্টিয়ানো \r\nরোনালদোই।<br>মেসি-ভক্ত ক্রুসিয়ানির মুখে এমন কথা শুনে কিছুটা অবাক হতে \r\nপারেন, কিন্তু বাংলাদেশের সাবেক আর্জেন্টাইন কোচ নিজের অভিমত দিয়েছেন বেশ \r\nভেবে-চিন্তেই। তিনি বলেন, যেকোনো বিচারেই এবার ব্যালন ডি’অর রোনালদোরই \r\nপাওয়া উচিত। কারণ মেসি দারুণ ফুটবলার হলেও ২০১২ সালের পর তাঁর \r\nপারফরম্যান্স ঔজ্জ্বল্য হারিয়েছে। এই মুহূর্তে বিশ্বসেরা ফুটবলার রোনালদো \r\nআর এটা সে মাঠেই প্রমাণ করেছে।’<br>ম্যানুয়েল নয়্যার ভালো গোলরক্ষক হলেও \r\nক্রুসিয়ানি ব্যালন ডি’অর বিজয়ী হিসেবে কোনোভাবেই তাঁকে দাঁড় করাতে \r\nপারছেন না। সবশেষে তিনি জানিয়েছেন, ব্যক্তিগতভাবে এসব পুরস্কারে তাঁর \r\nবিশ্বাস নেই। মেসি-রোনালদোরা সেরা নাকি এটা কোনো নির্দিষ্ট পুরস্কার দিয়ে \r\nপ্রমাণ করতে হয় না। নিজেদের গুণেই তাঁরা মহিমান্বিত। এসব পুরস্কারের \r\nউদ্দেশ্য পুরোপুরি বাণিজ্যিক।', 0, 0, '2015-01-12 10:16:59', 'Md. Shafiul Alam Topu'),
(4, 3, 'স্থিতিশীল নার্স', 'লন্ডনের হাসপাতালে চিকিৎসাধীন ইবোলা ভাইরাসে আক্রান্ত স্কটিশ নার্স পলিন \r\nক্যাফারকির পরিস্থিতি স্থিতিশীল। ব্রিটিশ স্বাস্থ্যমন্ত্রী জেরেমি হান্ট \r\nগতকাল মঙ্গলবার হাউস অব কমন্সে এমপিদের এ কথা জানান। আশঙ্কাজনক অবস্থায় \r\nক্যাফারকিকে কয়েক দিন আগে লন্ডনের রয়েল ফ্রি হাসপাতালে ভর্তি করা হয়। \r\nস্বাস্থ্যমন্ত্রী বলেন,', 'লন্ডনের হাসপাতালে চিকিৎসাধীন ইবোলা ভাইরাসে আক্রান্ত স্কটিশ নার্স পলিন \r\nক্যাফারকির পরিস্থিতি স্থিতিশীল। ব্রিটিশ স্বাস্থ্যমন্ত্রী জেরেমি হান্ট \r\nগতকাল মঙ্গলবার হাউস অব কমন্সে এমপিদের এ কথা জানান। আশঙ্কাজনক অবস্থায় \r\nক্যাফারকিকে কয়েক দিন আগে লন্ডনের রয়েল ফ্রি হাসপাতালে ভর্তি করা হয়। \r\nস্বাস্থ্যমন্ত্রী বলেন, তাঁর সাহসিকতা ও সেবার মানসিকতার জন্য পুরো দেশ \r\nগর্ববোধ করে। ক্যাফারকি ইবোলা উপদ্রুত পশ্চিম আফ্রিকার দেশ সিয়েরা লিওনে \r\nগিয়ে নিজেই এই মারাত্মক ভাইরাসে আক্রান্ত হয়ে পড়েন। যুক্তরাজ্যে ইবোলা \r\nশনাক্ত হওয়া তিনিই প্রথম ব্যক্তি।', 1, 1, '2015-01-12 10:17:47', 'Md. Shafiul Alam Topu'),
(6, 9, 'টাঙ্গাইলে সড়ক দুর্ঘটনায় নিহত ৩', 'টাঙ্গাইলের বঙ্গবন্ধু সেতুর পূর্ব \r\nপ্রান্তের সংযোগ সড়কে ট্রাক ও ট্যাক্সিক্যাবের মুখোমুখি সংঘর্ষে তিনজন \r\nনিহত ও ছয়জন আহত হয়েছে। আজ মঙ্গলবার সকাল সাড়ে সাতটার দিকে এ ঘটনা ঘটে।', '<article itemscope="" itemtype="http://schema.org/Article" class="jw_detail_content_holder content mb10 oh">\r\n<div itemprop="articleBody"><p>টাঙ্গাইলের বঙ্গবন্ধু সেতুর পূর্ব \r\nপ্রান্তের সংযোগ সড়কে ট্রাক ও ট্যাক্সিক্যাবের মুখোমুখি সংঘর্ষে তিনজন \r\nনিহত ও ছয়জন আহত হয়েছে। আজ মঙ্গলবার সকাল সাড়ে সাতটার দিকে এ ঘটনা ঘটে।</p>\r\n<p>বঙ্গবন্ধু সেতুর পূর্ব থানার ভারপ্রাপ্ত কর্মকর্তা (ওসি) মো. \r\nআখেরুজ্জামানের ভাষ্য, সকালে উত্তরবঙ্গগামী ট্যাক্সিক্যাবটি টাঙ্গাইলের \r\nকালিহাতী উপজেলার সল্লা এলাকায় পৌঁছালে বিপরীত দিক থেকে আসা ট্রাকের সঙ্গে\r\n সেটির মুখোমুখি সংঘর্ষ হয়। এতে ঘটনাস্থলে ট্যাক্সিক্যাবের তিনজন যাত্রী \r\nনিহত হন। আহত হন আরও ছয়জন। আহত যাত্রীদের উদ্ধার করে টাঙ্গাইল মেডিকেল \r\nকলেজ হাসপাতালে পাঠানো হয়েছে।</p>\r\n<p>ওসি জানান, নিহত ব্যক্তিদের পরিচয় জানা যায়নি। নিহত তিনজনের লাশ \r\nটাঙ্গাইল মেডিকেল কলেজ মর্গে পাঠানো হবে। ট্রাকটিকে আটক করা হয়েছে; কিন্তু\r\n চালক পালিয়ে গেছেন। এ ঘটনায় সকাল সাড়ে নয়টা পর্যন্ত মামলা হয়নি।</p></div>\r\n</article>', 1, 5, '2015-01-13 04:46:54', 'Md. Shafiul Alam Topu'),
(7, 2, 'কারুশিল্প মেলা ও লোকজ উৎসব ১৪ জানুয়ারি', 'বাংলাদেশ লোক ও কারুশিল্প \r\nফাউন্ডেশনের আয়োজনে ১৪ জানুয়ারি শুরু হচ্ছে ‘লোক কারুশিল্প মেলা ও লোকজ \r\nউৎসব’। সোনারগাঁওয়ে কারুশিল্প ফাউন্ডেশনের লোকজ মঞ্চে মাসব্যাপী এই \r\nআয়োজনের উদ্বোধন করবেন সংস্কৃতিমন্ত্রী।', '<article itemscope="" itemtype="http://schema.org/Article" class="jw_detail_content_holder content mb10 oh">\r\n<div itemprop="articleBody"><p class="TEXT">বাংলাদেশ লোক ও কারুশিল্প \r\nফাউন্ডেশনের আয়োজনে ১৪ জানুয়ারি শুরু হচ্ছে ‘লোক কারুশিল্প মেলা ও লোকজ \r\nউৎসব’। সোনারগাঁওয়ে কারুশিল্প ফাউন্ডেশনের লোকজ মঞ্চে মাসব্যাপী এই \r\nআয়োজনের উদ্বোধন করবেন সংস্কৃতিমন্ত্রী। আয়োজক প্রতিষ্ঠানের পরিচালক কবি \r\nরবীন্দ্র গোপের সভাপতিত্বে বিশেষ অতিথি থাকবেন সাংসদ মো. লিয়াকত হোসেন ও \r\nসংস্কৃতিসচিব রণজিৎ কুমার বিশ্বাস। শিল্পকলা একাডেমীর জাতীয় চিত্রশালা \r\nমিলনায়তনে গতকাল বিকেলে সংবাদ সম্মেলনে এসব তথ্য জানানো হয়।</p>\r\n<p class="TEXT">সংবাদ সম্মেলনে লিখিত বক্তব্য উপস্থাপন করেন \r\nসংস্কৃতিমন্ত্রী। লিখিত বক্তব্যে অনুষ্ঠানের বিস্তারিত তুলে ধরে মন্ত্রী \r\nবলেন, বাংলাদেশের পল্লি অঞ্চল থেকে ৪৪ জন কারুশিল্পী এ মেলায় অংশ নিচ্ছেন।</p>\r\n<p class="TEXT">মেলায় মোট স্টল থাকবে ১৭২টি। অনুষ্ঠানে ভিন্নমাত্রা যোগ \r\nকরতে প্রতিদিন লোকসংগীত ও ছড়াপাঠের আসর থাকবে বলেও সংবাদ সম্মেলনে জানানো \r\nহয়।</p></div>\r\n</article>', 1, 4, '2015-01-13 04:48:08', 'Md. Shafiul Alam Topu'),
(8, 1, 'স্পিনে অস্ট্রেলিয়া জয়ের প্রতিজ্ঞা', 'অস্ট্রেলিয়ার উইকেট মানেই চোখধাঁধানো গতি। মুখের দিকে ধেয়ে আসা সব \r\nবাউন্সার। পেসাররাই সেখানে ব্যাটসম্যানদের যমদূত। সাপের মতো ছোবল দেওয়া \r\nদূরের কথা, স্পিনারদের ঘূর্ণিবলই বরং ওইসব উইকেটে কিছুটা স্বস্তি দেয় \r\nব্যাটসম্যানদের। বিশ্বকাপের উইকেট শেষ পর্যন্ত কেমন হবে কে জানে, তবে \r\nঅস্ট্রেলিয়ার উইকেট সম্পর্কে সাধারণ ধারণা এমনই।', 'অস্ট্রেলিয়ার উইকেট মানেই চোখধাঁধানো গতি। মুখের দিকে ধেয়ে আসা সব \r\nবাউন্সার। পেসাররাই সেখানে ব্যাটসম্যানদের যমদূত। সাপের মতো ছোবল দেওয়া \r\nদূরের কথা, স্পিনারদের ঘূর্ণিবলই বরং ওইসব উইকেটে কিছুটা স্বস্তি দেয় \r\nব্যাটসম্যানদের। বিশ্বকাপের উইকেট শেষ পর্যন্ত কেমন হবে কে জানে, তবে \r\nঅস্ট্রেলিয়ার উইকেট সম্পর্কে সাধারণ ধারণা এমনই।<br>গ্রুপপর্বে বাংলাদেশের\r\n দুটি ম্যাচ আছে নিউজিল্যান্ডেও। তবে অস্ট্রেলিয়াতেই চারটি ম্যাচ বলে \r\nবাংলাদেশে বিশ্বকাপ নিয়ে আলোচনায় ‘অস্ট্রেলিয়া, অস্ট্রেলিয়া’ রবই বেশি \r\nশোনা যাচ্ছে। যে অস্ট্রেলিয়াকে মনে করা হয় পেসারদের স্বর্গভূমি। সেখানে \r\nব্যাটসম্যানদের কাজটা তো চ্যালেঞ্জিং হবেই, স্পিনারদের কাজটাও কি নয়?<br>আরাফাত\r\n সানি ও তাইজুল ইসলাম তা মানছেন না। দুজনই বাঁহাতি স্পিনার এবং জাতীয় দলে \r\nমোটামুটি নতুন। দুজনেরই প্রথম বিশ্বকাপ। কিন্তু অস্ট্রেলিয়াকে ঘিরে ‘পেস, \r\nপেস’ রবে তাঁরা ভ্রুক্ষেপই করছেন না। ওখানকার পেসসহায়ক উইকেটও স্পিনারদের \r\nদিকে হাত বাড়িয়ে দিতে পারে বলেই তাঁদের বিশ্বাস। কাল বিশ্বকাপ প্রস্তুতি \r\nশুরুর প্রথম দিনে আনুষ্ঠানিকভাবে সংবাদমাধ্যমের মুখোমুখি হয়েছিলেন দুজন। \r\nমাইক্রোফোনটা নিজের দিকে ঘুরিয়ে নিয়ে প্রথমে তাইজুল বললেন, ‘ওয়েস্ট \r\nইন্ডিজ সিরিজে খেলেছি, ওখানেও কিন্তু বাউন্সি উইকেটই ছিল। আল্লাহর রহমতে \r\nওখানে ভালো হয়েছে। আত্মবিশ্বাস রাখাটা অনেক বড় ব্যাপার। যত আত্মবিশ্বাস \r\nরাখব, ততই ভালো হবে।’ আর সানি তো স্পিনারদের জন্য অস্ট্রেলিয়ার মাঠে \r\nসুবিধাই খুঁজে পাচ্ছেন, ‘অস্ট্রেলিয়ার মাঠগুলো অনেক বড়, পেস বলে মারলে \r\nদেখা যাবে সহজেই বাউন্ডারি হচ্ছে। স্পিন বলে সেটা না-ও হতে পারে।’<br>অস্ট্রেলিয়ার\r\n উইকেট সম্পর্কে ধারণা পেতে টেলিভিশনে নিয়মিত দেখেছেন সদ্য শেষ হওয়া \r\nভারত-অস্ট্রেলিয়া সিরিজের ম্যাচ, বাদ দিচ্ছেন না বিগ ব্যাশও। তা ছাড়া \r\nঅস্ট্রেলিয়ায় যাওয়ার পরও হাতে বেশ কিছুদিন সময় পাওয়া যাবে। বাউন্সি \r\nউইকেটের সঙ্গে মানিয়ে নেওয়াটা তাই সমস্যা মনে হচ্ছে না সানির। আর \r\nঅস্ট্রেলিয়ার উইকেট সম্পর্কে যাঁদের ধারণা আছে, তাঁদের সাহায্য তো \r\nপাচ্ছেনই। বিগ ব্যাশে খেলার সুবাদে সাকিব এ ব্যাপারে অনেকটাই অভিজ্ঞ এখন। \r\nঅস্ট্রেলিয়ায় খেলার অভিজ্ঞতা আছে মাশরাফি-তামিমসহ বিশ্বকাপের দলে থাকা \r\nআরও কয়েকজন ক্রিকেটারের। কাজে লাগবে কোচ চন্ডিকা হাথুরুসিংহের সেখানে বছর \r\nচারেক কাজ করে আসার অভিজ্ঞতাও। সানিই বলছিলেন, ‘হেড কোচ হাথুরুসিংহে অনেক \r\nদিন অস্ট্রেলিয়ার কন্ডিশনে কাজ করেছেন। তাঁর অভিজ্ঞতা কাজে লাগবে। ভিন্ন \r\nকন্ডিশন বলতে আমাদের উইকেটটা একটু লো, আর ওখানে বাউন্স একটু বেশি। আমাদের \r\nকাজ হচ্ছে সঠিক জায়গায় বল করা।’', 1, 0, '2015-01-13 04:49:45', 'Md. Shafiul Alam Topu'),
(9, 8, 'ঘোষণা করা হলো তথ্যপ্রযুক্তির চার বছরের কর্মপরিকল্পনা', 'ডিজিটাল বাংলাদেশ গড়ার চূড়ান্ত ধাপে পৌঁছানো যাবে। গতকাল সোমবার রাজধানীর\r\n আগারগাঁওয়ের বাংলাদেশ কম্পিউটার কাউন্সিল (বিসিসি) ভবনে আয়োজিত এক সংবাদ\r\n সম্মেলনে এ কথা বলেন তথ্য ও যোগাযোগপ্রযুক্তি (আইসিটি) প্রতিমন্ত্রী \r\nজুনাইদ আহ্মেদ। তিনি বলেন, ‘দায়িত্ব গ্রহণের পর থেকেই দেশের \r\nতথ্যপ্রযুক্তি×খাতের সব ব্যবসায়ী সংগঠনসহ সংশ্লিষ্ট সব পক্ষকে আমাদের \r\nকার্যক্রমের সঙ্গে সম্পৃক্ত করেছি। সবাইকে সঙ্গে নিয়ে আমরা একটি যুগোপযোগী\r\n এবং কার্যকর “আইসিটি ইকোসিস্টেম” গঠনের লক্ষ্যে বিভিন্ন কার্যক্রম হাতে \r\nনিয়ে কাজ করেছি।’\r\n', 'দেশের তথ্যপ্রযুক্তি খাতকে আগামী চার বছরে বহুদূর নিয়ে যেতে একটি \r\nকর্মপরিকল্পনা তৈরি করা হয়ছে। এই কর্মপরিকল্পনা বাস্তবায়ন করা গেলেই \r\nডিজিটাল বাংলাদেশ গড়ার চূড়ান্ত ধাপে পৌঁছানো যাবে। গতকাল সোমবার রাজধানীর\r\n আগারগাঁওয়ের বাংলাদেশ কম্পিউটার কাউন্সিল (বিসিসি) ভবনে আয়োজিত এক সংবাদ\r\n সম্মেলনে এ কথা বলেন তথ্য ও যোগাযোগপ্রযুক্তি (আইসিটি) প্রতিমন্ত্রী \r\nজুনাইদ আহ্মেদ। তিনি বলেন, ‘দায়িত্ব গ্রহণের পর থেকেই দেশের \r\nতথ্যপ্রযুক্তি×খাতের সব ব্যবসায়ী সংগঠনসহ সংশ্লিষ্ট সব পক্ষকে আমাদের \r\nকার্যক্রমের সঙ্গে সম্পৃক্ত করেছি। সবাইকে সঙ্গে নিয়ে আমরা একটি যুগোপযোগী\r\n এবং কার্যকর “আইসিটি ইকোসিস্টেম” গঠনের লক্ষ্যে বিভিন্ন কার্যক্রম হাতে \r\nনিয়ে কাজ করেছি।’\r\n<p>আইসিটি বিভাগ আয়োজিত এ সংবাদ সম্মেলনে আগামী চার বছরের কর্মপরিকল্পনাকে\r\n ‘আইসিটি মাস্টারপ্ল্যান’ হিসেবে অভিহিত করা হয়েছে। এ পরিকল্পনায় রয়েছে \r\nচার বছরের মধ্যে একটি জাতীয়ভিত্তিক কলসেন্টার স্থাপন, বিশ্বের পঞ্চম \r\nবৃহত্তম ডেটা সেন্টার তৈরি, ইউনিয়ন পর্যায় পর্যন্ত ডিজিটাল সংযোগ স্থাপন,\r\n সারা দেশে দুই হাজার কম্পিউটার ও ভাষা ল্যাব স্থাপন, আন্তর্জাতিক পেমেন্ট \r\nগেটওয়ে সেবা চালু, ইনোভেশন-ডিজাইন-এক্সিলেন্স বিষয়ে একাডেমি গড়ে তোলা, \r\nকম্পিউটার কাউন্সিলের নাম বদলে আইসিটি কাউন্সিলে রূপান্তর, সফটওয়্যার \r\nসার্টিফিকেশন সেন্টার গড়ে তোলা, নতুন ব্যবসায় উদ্যোগের জন্য ইনকিউবেটর \r\nতৈরি, বৃহৎ উপাত্ত বিশ্লেষণের ব্যবস্থা ও টাইটানিয়াম ল্যাব স্থাপন করা \r\nহবে।<br>সম্মেলনে প্রতিমন্ত্রী তথ্যপ্রযুক্তি খাতে সরকারের বিভিন্ন \r\nকর্মকাণ্ডের কথা তুলে ধরেন। তিনি জানান, তথ্যপ্রযুক্তি খাতে ৩৪ হাজার \r\nতরুণ-তরুণীকে প্রশিক্ষণ দেওয়া হচ্ছে। এর মধ্যে ২০ হাজার পাবে বনিয়াদি \r\nপ্রশিক্ষণ, ১০ হাজার শিল্পসংশ্লিষ্ট প্রশিক্ষণ এবং চার হাজার জন পাবে \r\nপ্রযুক্তি প্রতিষ্ঠানের নেতৃত্ব দেওয়ার প্রশিক্ষণ। প্রতিমন্ত্রী জানান, \r\nলার্নিং অ্যান্ড আর্নিং প্রকল্পের আওতায় ২৬ হাজার শিক্ষার্থীকে \r\nফ্রিল্যান্সিং প্রশিক্ষণ প্রদান করা হয়েছে। সম্মেলনে জানানো হয়, বাংলা \r\nগভনেট ও ইনফো সরকার প্রকল্পের আওতায় সারা দেশের প্রায় সব উপজেলাকে ফাইবার\r\n অপটিক নেটওয়ার্কে সংযুক্ত করা হয়েছে।<br>জুনাইদ আহ্মেদ বলেন, ‘কোরিয়া \r\nসরকারের সহায়তায় সারা দেশের আইসিটি মাস্টারপ্ল্যান তৈরির উদ্যোগ নিয়েছি।\r\n এরই মধ্যে কোরিয়া সরকারের সঙ্গে সমঝোতা স্মারক সই হয়েছে। সব সরকারি \r\nপ্রতিষ্ঠানের ওয়েবসাইটকে একটি অভিন্ন পোর্টালের আওতায় এনে পৃথিবীর \r\nসবচেয়ে বড় সরকারি ওয়েবপোর্টাল জাতীয় তথ্য বাতায়ন চালু করা হয়েছে।’<br>সারা\r\n দেশে আরও ১০টি সফটওয়্যার টেকনোলজি পার্ক স্থাপন করা হবে বলে উল্লেখ করেন \r\nপ্রতিমন্ত্রী। যশোর হাইটেক পার্কের প্রথম পর্যায়ের কাজ আগামী মার্চে শেষ \r\nহবে বলেও জানানো হয়।<br>ঘোষণার ১০ মাস পরও ঢাকার কারওয়ান বাজারের জনতা \r\nটাওয়ারে সফটওয়্যার টেকনোলজি পার্ক এখনো কেন চালু হয়নি, জানতে চাইলে \r\nজুনাইদ আহ্মেদ বলেন, ‘সফটওয়্যার টেকনোলজি পার্ক নিয়ে হাইকোর্টে মামলা \r\nচলছে। একেবারে বন্ধ রয়েছে, কথাটিও ঠিক নয়। জনতা টাওয়ারে এখন তিনটি \r\nপ্রতিষ্ঠান পুরোপুরিভাবে কাজ করছে। আমরা মামলাটি লড়ছি।’ —রাহিতুল ইসলাম</p>', 1, 1, '2015-01-13 04:51:03', 'Md. Shafiul Alam Topu');

-- --------------------------------------------------------

--
-- Table structure for table `tbl_category`
--

CREATE TABLE IF NOT EXISTS `tbl_category` (
  `category_id` int(2) NOT NULL AUTO_INCREMENT,
  `category_name` varchar(50) NOT NULL,
  `category_description` text NOT NULL,
  `publication_status` tinyint(1) NOT NULL DEFAULT '0',
  PRIMARY KEY (`category_id`)
) ENGINE=MyISAM  DEFAULT CHARSET=utf8 AUTO_INCREMENT=10 ;

--
-- Dumping data for table `tbl_category`
--

INSERT INTO `tbl_category` (`category_id`, `category_name`, `category_description`, `publication_status`) VALUES
(1, 'খেলা', '----------------------', 1),
(2, 'বিনোদন', '  <h2 class="site_logo site_logo2"><span>বিনোদন-----------------</span></h2>', 1),
(3, 'আন্তর্জাতিক খবর ', '    আন্তর্জাতিক--------------', 1),
(8, 'বিজ্ঞান ও প্রযুক্তি', '<h2 class="site_logo site_logo2"><span>বিজ্ঞান ও প্রযুক্তি------</span></h2>', 1),
(9, 'বাংলাদেশ', '<h2 class="site_logo site_logo2"><span>বাংলাদেশ-------------</span></h2>', 1);

-- --------------------------------------------------------

--
-- Table structure for table `tbl_comments`
--

CREATE TABLE IF NOT EXISTS `tbl_comments` (
  `comments_id` int(5) NOT NULL AUTO_INCREMENT,
  `blog_id` int(5) NOT NULL,
  `comments_author_name` varchar(50) NOT NULL,
  `comments_author_email` varchar(100) NOT NULL,
  `comments` text NOT NULL,
  `publication_status` tinyint(1) NOT NULL DEFAULT '0',
  `created_date_time` timestamp NOT NULL DEFAULT CURRENT_TIMESTAMP,
  PRIMARY KEY (`comments_id`)
) ENGINE=MyISAM  DEFAULT CHARSET=utf8 AUTO_INCREMENT=7 ;

--
-- Dumping data for table `tbl_comments`
--

INSERT INTO `tbl_comments` (`comments_id`, `blog_id`, `comments_author_name`, `comments_author_email`, `comments`, `publication_status`, `created_date_time`) VALUES
(1, 9, 'Jannatul Miskat', '0', 'আইসিটি বিভাগ আয়োজিত এ সংবাদ সম্মেলনে আগামী চার বছরের কর্মপরিকল্পনাকে ‘আইসিটি মাস্টারপ্ল্যান’ হিসেবে অভিহিত করা হয়েছে। এ পরিকল্পনায় রয়েছে চার বছরের মধ্যে একটি জাতীয়ভিত্তিক কলসেন্টার স্থাপন, বিশ্বের পঞ্চম ', 0, '2015-01-13 10:00:37'),
(2, 8, 'Jannatul Miskat', 'miskat@yahoo.com', 'অস্ট্রেলিয়ার উইকেট মানেই চোখধাঁধানো গতি। মুখের দিকে ধেয়ে আসা সব বাউন্সার। পেসাররাই সেখানে ব্যাটসম্যানদের যমদূত। সাপের মতো ছোবল দেওয়া দূরের কথা, স্পিনারদের ঘূর্ণিবলই বরং ওইসব উইকেটে কিছুটা স্বস্তি দেয় ব্যাটসম্যানদের। বিশ্বকাপের উইকেট শেষ পর্যন্ত কেমন হবে কে জানে, তবে অস্ট্রেলিয়ার উইকেট সম্পর্কে সাধারণ ধারণা এমনই।', 1, '2015-01-13 10:02:26'),
(3, 8, 'Jannatul Miskat', 'miskat@yahoo.com', 'অস্ট্রেলিয়ার উইকেট মানেই চোখধাঁধানো গতি। মুখের দিকে ধেয়ে আসা সব বাউন্সার। পেসাররাই সেখানে ব্যাটসম্যানদের যমদূত। সাপের মতো ছোবল দেওয়া দূরের কথা, স্পিনারদের ঘূর্ণিবলই বরং ওইসব উইকেটে কিছুটা স্বস্তি দেয় ব্যাটসম্যানদের। বিশ্বকাপের উইকেট শেষ পর্যন্ত কেমন হবে কে জানে, তবে অস্ট্রেলিয়ার উইকেট সম্পর্কে সাধারণ ধারণা এমনই।', 1, '2015-01-13 10:17:56'),
(4, 8, 'Jannatul Miskat', 'miskat@yahoo.com', 'অস্ট্রেলিয়ার উইকেট সম্পর্কে ধারণা পেতে টেলিভিশনে নিয়মিত দেখেছেন সদ্য শেষ হওয়া ভারত-অস্ট্রেলিয়া সিরিজের ম্যাচ, বাদ দিচ্ছেন না বিগ ব্যাশও। তা ছাড়া অস্ট্রেলিয়ায় যাওয়ার পরও হাতে বেশ কিছুদিন সময় পাওয়া যাবে। বাউন্সি উইকেটের সঙ্গে মানিয়ে নেওয়াটা তাই সমস্যা মনে হচ্ছে না সানির। আর অস্ট্রেলিয়ার উইকেট সম্পর্কে যাঁদের ধারণা আছে, তাঁদের সাহায্য তো পাচ্ছেনই। বিগ ব্যাশে খেলার সুবাদে সাকিব এ ব্যাপারে অনেকটাই অভিজ্ঞ এখন। ', 1, '2015-01-13 10:18:11'),
(5, 8, 'Jannatul Miskat', 'miskat@yahoo.com', 'গ্রুপপর্বে বাংলাদেশের দুটি ম্যাচ আছে নিউজিল্যান্ডেও। তবে অস্ট্রেলিয়াতেই চারটি ম্যাচ বলে বাংলাদেশে বিশ্বকাপ নিয়ে আলোচনায় ‘অস্ট্রেলিয়া, অস্ট্রেলিয়া’ রবই বেশি শোনা যাচ্ছে। যে অস্ট্রেলিয়াকে মনে করা হয় পেসারদের স্বর্গভূমি। সেখানে ব্যাটসম্যানদের কাজটা তো চ্যালেঞ্জিং হবেই, স্পিনারদের কাজটাও কি নয়?', 1, '2015-01-13 10:20:44'),
(6, 8, 'Saahil Alam Talha', 'saahil.alam@yahoo.com', 'অস্ট্রেলিয়ার উইকেট সম্পর্কে ধারণা পেতে টেলিভিশনে নিয়মিত দেখেছেন সদ্য শেষ হওয়া ভারত-অস্ট্রেলিয়া সিরিজের ম্যাচ, বাদ দিচ্ছেন না বিগ ব্যাশও। তা ছাড়া অস্ট্রেলিয়ায় যাওয়ার পরও হাতে বেশ কিছুদিন সময় পাওয়া যাবে। বাউন্সি উইকেটের সঙ্গে মানিয়ে নেওয়াটা তাই সমস্যা মনে হচ্ছে না সানির। আর অস্ট্রেলিয়ার উইকেট সম্পর্কে যাঁদের ধারণা ', 1, '2015-01-13 10:30:19');

-- --------------------------------------------------------

--
-- Table structure for table `tbl_user`
--

CREATE TABLE IF NOT EXISTS `tbl_user` (
  `user_id` int(5) NOT NULL AUTO_INCREMENT,
  `user_name` varchar(50) NOT NULL,
  `email_address` varchar(100) NOT NULL,
  `password` varchar(32) NOT NULL,
  `age` int(3) NOT NULL,
  PRIMARY KEY (`user_id`)
) ENGINE=MyISAM  DEFAULT CHARSET=utf8 AUTO_INCREMENT=4 ;

--
-- Dumping data for table `tbl_user`
--

INSERT INTO `tbl_user` (`user_id`, `user_name`, `email_address`, `password`, `age`) VALUES
(1, 'Alif Ahmed', 'alif.ahmed@yahoo.com', '111111', 10),
(2, 'Jannatul Miskat', 'miskat@yahoo.com', '96e79218965eb72c92a549dd5a330112', 17),
(3, 'Saahil Alam Talha', 'saahil.alam@yahoo.com', '96e79218965eb72c92a549dd5a330112', 6);

/*!40101 SET CHARACTER_SET_CLIENT=@OLD_CHARACTER_SET_CLIENT */;
/*!40101 SET CHARACTER_SET_RESULTS=@OLD_CHARACTER_SET_RESULTS */;
/*!40101 SET COLLATION_CONNECTION=@OLD_COLLATION_CONNECTION */;
