-- phpMyAdmin SQL Dump
-- version 4.7.0
-- https://www.phpmyadmin.net/
--
-- Host: 127.0.0.1
-- Generation Time: May 01, 2018 at 11:35 AM
-- Server version: 10.1.26-MariaDB
-- PHP Version: 7.1.8

SET SQL_MODE = "NO_AUTO_VALUE_ON_ZERO";
SET AUTOCOMMIT = 0;
START TRANSACTION;
SET time_zone = "+00:00";


/*!40101 SET @OLD_CHARACTER_SET_CLIENT=@@CHARACTER_SET_CLIENT */;
/*!40101 SET @OLD_CHARACTER_SET_RESULTS=@@CHARACTER_SET_RESULTS */;
/*!40101 SET @OLD_COLLATION_CONNECTION=@@COLLATION_CONNECTION */;
/*!40101 SET NAMES utf8mb4 */;

--
-- Database: `db_tunecraft_pstu`
--

-- --------------------------------------------------------

--
-- Table structure for table `tbl_admin`
--

CREATE TABLE `tbl_admin` (
  `admin_id` int(2) NOT NULL,
  `admin_full_name` varchar(50) NOT NULL,
  `admin_email_address` varchar(100) NOT NULL,
  `admin_password` varchar(32) NOT NULL,
  `access_lavel` tinyint(1) NOT NULL DEFAULT '0'
) ENGINE=MyISAM DEFAULT CHARSET=utf8;

--
-- Dumping data for table `tbl_admin`
--

INSERT INTO `tbl_admin` (`admin_id`, `admin_full_name`, `admin_email_address`, `admin_password`, `access_lavel`) VALUES
(4, 'Md. Momin', 'momin@gmail.com', '827ccb0eea8a706c4c34a16891f84e7b', 0);

-- --------------------------------------------------------

--
-- Table structure for table `tbl_blog`
--

CREATE TABLE `tbl_blog` (
  `blog_id` int(5) NOT NULL,
  `category_id` int(2) NOT NULL,
  `blog_title` varchar(255) NOT NULL,
  `blog_short_description` text NOT NULL,
  `blog_long_description` text NOT NULL,
  `image` varchar(1000) NOT NULL,
  `publication_status` tinyint(1) NOT NULL,
  `hit_count` int(4) NOT NULL DEFAULT '0',
  `created_date_time` timestamp NOT NULL DEFAULT CURRENT_TIMESTAMP,
  `author_name` varchar(50) NOT NULL
) ENGINE=MyISAM DEFAULT CHARSET=utf8;

--
-- Dumping data for table `tbl_blog`
--

INSERT INTO `tbl_blog` (`blog_id`, `category_id`, `blog_title`, `blog_short_description`, `blog_long_description`, `image`, `publication_status`, `hit_count`, `created_date_time`, `author_name`) VALUES
(32, 10, 'ইন্টার ফ্যকাল্টি ফুটবল টুর্নামেন্ট  (CSE  Vs  AG)', '', '', 'images/slide21.JPG', 1, 1, '2018-04-26 05:24:12', 'Md. Momin'),
(34, 11, ' শেখ হাসিনা যত দিন জীবিত, তত দিন আ.লীগ ক্ষমতায় থাকবে: সাদী', '<p >? ?ুধবার দুপুরে রাজধানীর মহানগর নাট্যমঞ্চে কাজী বশির মিলনায়তনে ঢাকা মহানগর দক্ষিণ ছাত্রলীগের সম্মেলনে আওয়ামী লীগের অন্যতম মুখপাত্র হানিফ এ মন্তব্য করেন।</p><p >? ?াহবুব উল আলম হানিফ বলেন, ‘সরকার জনগণের ম্যান্ডেট নিয়ে ক্ষমতায় আছে। আগামী নির্বাচনে জনগণের ম্যান্ডেট নিয়ে আবারও ক্ষমতায় আসবে আওয়ামী লীগ। জনগণ খালেদা জিয়া ও তাঁর দুর্নীতিবাজ পুত্রের নেতৃত্বে হত্যা-সন্ত্রাসের রাজনীতি দেখতে চায় না। তাই ২০১৮ সাল নয়, ২০২৪ সালেও নয়। ২০২৯ সালের পরে তারা ক্ষমতায় আসার কথা ভাবতে পারে।’</p><p ><br></p><p ><a class=\"jw_media_holder media_image jwMediaContent alignfull pop-media-holder pop-active\" >><img alt=\"ঢাকা মহানগর দক্ষিণ ছাত্রলীগের সম্মেলনে বক্তব্য দেন মাহবুব উল আলম হানিফ। মহানগর নাট্যমঞ্চ, ঢাকা, ২৫ এপ্রিল। ছবি: ফোকাস বাংলা\" src=\"http://paimages.prothom-alo.com/contents/cache/images/640x360x1/uploads/media/2018/04/25/08bf9837f58dec33dcb457f75ff7b9b8-5ae09b84d01db.jpg\" ></span><span class=\"jw_media_caption\" ><span class=\"tt\" >? ?াকা মহানগর দক্ষিণ ছাত্রলীগের সম্মেলনে বক্তব্য দেন মাহবুব উল আলম হানিফ। মহানগর নাট্যমঞ্চ, ঢাকা, ২৫ এপ্রিল। ছবি: ফোকাস বাংলা</span></span></a>প্রধানমন্ত্রী শেখ হাসিনা যত দিন জীবিত ও কর্মক্ষম আছেন, তত দিন পর্যন্ত তাঁর নেতৃত্বে আওয়ামী লীগ ক্ষমতায় থাকবে বলে মন্তব্য করেছেন আওয়ামী লীগের যুগ্ম সাধারণ সম্পাদক মাহবুব উল আলম হানিফ।</p><p >? ?ুধবার দুপুরে রাজধানীর মহানগর নাট্যমঞ্চে কাজী বশির মিলনায়তনে ঢাকা মহানগর দক্ষিণ ছাত্রলীগের সম্মেলনে আওয়ামী লীগের অন্যতম মুখপাত্র হানিফ এ মন্তব্য করেন।</p><p >? ?াহবুব উল আলম হানিফ বলেন, ‘সরকার জনগণের ম্যান্ডেট নিয়ে ক্ষমতায় আছে। আগামী নির্বাচনে জনগণের ম্যান্ডেট নিয়ে আবারও ক্ষমতায় আসবে আওয়ামী লীগ। জনগণ খালেদা জিয়া ও তাঁর দুর্নীতিবাজ পুত্রের নেতৃত্বে হত্যা-সন্ত্রাসের রাজনীতি দেখতে চায় না। তাই ২০১৮ সাল নয়, ২০২৪ সালেও নয়। ২০২৯ সালের পরে তারা ক্ষমতায় আসার কথা ভাবতে পারে।’</p><p >হানিফ আরও বলেন, ‘জননেত্রী শেখ হাসিনা যত দিন জীবিত আছেন, যত দিন কর্মক্ষম আছেন, তত দিন পর্যন্ত তাঁর নেতৃত্বে আওয়ামী লীগ ক্ষমতায় থাকবে। জননেত্রী শেখ হাসিনাই তত দিন বাংলার প্রধানমন্ত্রী হিসেবেই থাকবেন। শেখ হাসিনাকে ক্ষমতাচ্যুত করে কোনো অপশক্তির ক্ষমতা দখল করার শক্তি নেই।’ তিনি বলেন, অশুভ শক্তি বিদেশি মদদ নিয়ে চক্রান্ত করতে পারে। নেতা-কর্মীদের ঐক্যবদ্ধ থেকে এদের ষড়যন্ত্র মোকাবিলা করতে হবে।</p>', '', 'images/politics1.jpg', 1, 0, '2018-04-26 08:06:27', 'Md. Momin'),
(35, 12, 'বর্ণাঢ্য আয়োজনে পবিপ্রবি’তে বাংলা নববর্ষ উদযাপন', '', '', 'images/binodon1.jpg', 1, 2, '2018-04-26 08:18:01', 'Md. Momin'),
(36, 12, ' পবিপ্রবি’তে বাংলা নববর্ষ উদযাপন', '>এই উপলক্ষ্যে ক্যাম্পাসের বৈশাখী চত্বরে সকাল ৮ টা থেকে সংগীত পরিবেশন করেন বিভিন্ন সাংস্কৃতিক সংগঠনের শিল্পীরা। পরে এক মঙ্গল শোভাযাত্রা ক্যাম্পাসের বিভিন্ন সড়ক প্রদক্ষিণ করে বৈশাখী চত্বরে এসে শেষ হয়। শোভাযাত্রায় উপস্থিত ছিলেন এএনএসভিএম অনুষদের মাননীয় ডীন প্রফেসর ড. মোহাম্মদ রুহুল আমিন, ১লা বৈশাখ উদযাপন কমিটির আহবায়ক সহযোগী অধ্যাপক ড. ননী গোপাল সাহা, অধ্যাপক ড. মোঃ আহসানুর রেজা, সহযোগী অধ্যাপক ড. অসীত কুমার পাল, সহকারী অধ্যাপক প্রবীর কুমার মিত্র ডা. মোস্তাফিজুর রহমানসহ প্রমুখ। শিক্ষার্থীদের মধ্যে উপস্থিত ছিলেন সংগঠনটির সভাপতি মোঃ মামুনুর রহমান এবং সাধারণ সম্পাদক এনাম মোহাম্মদ সুমন, ছাত্রলীগের নেতৃবৃন্দ, বিভিন্ন সংগঠনের নেতৃবৃন্দ, বিভিন্ন সেমিস্টারের ছাত্র-ছাত্রীসহ প্রমুখ।</span>', '', 'images/binodon11.jpg', 1, 0, '2018-04-26 08:33:00', 'Md. Momin'),
(37, 11, 'ছাত্রলীগ নেতার বহিস্কার দাবীতে পবিপ্রবিতে শিক্ষার্থীদের ঝাড়ু মিছিল', '<span >জেলা ছাত্রলীগের সাধারন সম্পাদক ওমর ফারুককে বহিস্কারের দাবিতে ঝাড়ু মিছিল করেছে পটুয়াখালী বিজ্ঞান ও প্রযুক্তি বিশ্ববিদ্যালয়ে ছাত্রলীগ নেতাকর্মী ও সাধারণ শিক্ষার্থীরা । রবিবার বেলা সাড়ে ১১টার দিকে সাধারণ শিক্ষার্থীরা ঝাড়া হাতে নিয়ে ক্যাম্পাসে মিছিল করে।</span>', '', 'images/politics21.jpg', 1, 1, '2018-04-26 15:12:18', 'Md. Momin'),
(38, 11, 'ওমর ফারুকের বহিস্কারের দাবি ', '<span >পবিপ্রবির সাধারন ছাত্রছাত্রীদের উপর পটুয়াখালী জেলা ছাত্রলীগের সাধারন সম্পাদক ওমর ফারুক ভূঁইয়ার হামলার প্রতিবাদে পবিপ্রবির সাধারন ছাত্রছাত্রীদের ঝাড়ু মিছিল ও বিক্ষোভ সমাবেশ</span>', '', 'images/politics211.jpg', 1, 0, '2018-04-26 15:20:37', 'Md. Momin'),
(39, 11, 'কোটা-সংস্কারের-দাবীতে বিক্ষোভ মিছিল', '<span >সংবিধানের ২৯(৩) অনুচ্ছেদ অনুসারে সরকারকে কোটা সিস্টেম চালুর যে ক্ষমতা দেয়া হয়েছে সেটা ডিরেক্টরি, ম্যান্ডেটরি কিছু না। অর্থাৎ, কোটা থাকবে কি থাকবে না সেটা সরকারের ইচ্ছার উপর ছেড়ে দেয়া হয়েছে। সরকার চাইলে কোটা চালু করতেও পারে, বাতিলও করতে পারে। সরকার যদি সম্পূর্ন কোটা বাতিল করে দেয় সেটা কখনোই অসাংবিধানিক হবে না। সুতরাং যারা ভয় পাচ্ছেন, সম্পূর্ন কোটা বাতিল করে দিলে হাইকোর্টে রিট হবে এবং হাইকোর্টর নির্দেশনা অনুসারে আবার কোটা ফেরত আসবে, এহেন শংকা অমূলক। সম্পূর্ন কোটা বাতিল অসাংবিধা...</span>', '', 'images/politics51.jpg', 1, 4, '2018-04-26 15:38:07', 'Md. Momin'),
(40, 13, 'পবিপ্রবির আইটি কার্নিভালে পর্দা নেমেছে, বিজয়ীদের হাতে পুরস্কার', '<span >? ?টুয়াখালী বিজ্ঞান ও প্রযুক্তি বিশ্ববিদ্যালয়ে ৩য় বারের মত অনুষ্ঠিত হল তথ্যপ্রযুক্তি উৎসব। বিশ্ববিদ্যালয়ের অডিটোরিয়ামে ২দিন ব্যাপী এই ইভেন্ট চলে ২২-২৩ মার্চ ২০১৮। এতে বিভিন্ন বিশ্ববিদ্যালয়ের প্রায় ৩০০ জন শিক্ষার্থী অংশগ্রহণ করেন৷</span><div><p >? ?নুষ্ঠানের প্রধান অতিথি পবিপ্রবি ভাইস চ্যান্সেলর প্রফেসর ড. মো: হারুনর রশিদ বলেন “ডিজিটাল বাংলাদেশকে আরও সামনে এগিয়ে নিতে পটুয়াখালী বিজ্ঞান ও প্রযুক্তি বিশ্ববিদ্যালয়ের সিএসই অনুষদের এসব আয়োজন অগ্রণী ভূমিকা পালন করবে।”</p><p >ইভেন্টটির প্রোজেক্ট শো’তে অংশ নেন ১৫ জন। প্রথম হয় মানেষ ও সুদিপ্তের দল এবং দ্বিতীয় হয় জিহান ও ইয়াকিনের দল৷ আইডিয়া ফেয়ারে অংশ নেন ১২ জন। প্রথম হন নাবিলা, দ্বিতীয় হয় টিম ফায়ার ফাইটার।</p></div>', '', 'images/education1.PNG', 1, 7, '2018-04-26 15:53:28', 'Md. Momin'),
(41, 11, ' বিএনপি জোবাইদার ফেরা অনিশ্চিত বলে মনে করছে', '<p >? ?িএনপির চেয়ারপারসন খালেদা জিয়া কারাগারে। রাজনৈতিক আশ্রয় নিয়ে দলের ভারপ্রাপ্ত চেয়ারম্যান তারেক রহমান লন্ডনে। বিএনপির রাজনীতিতে জিয়া পরিবারের এই দুই সদস্যই কেবল সরাসরি রাজনীতিতে যুক্ত। বিএনপি ক্ষমতায় না এলে তারেক রহমান যে দেশে ফিরবেন না, তা দলটির সব পর্যায়ের নেতাদেরই জানা ছিল। কিন্তু দলীয় চেয়ারপারসন খালেদা জিয়া কারাবাস দীর্ঘ হবে—এমনটা ধারণাতে ছিল না বিএনপি নেতাদের। খালেদা জিয়ার জামিন না হওয়ায় তাই হঠাৎ দলটির মধ্যে তারেকের স্ত্রী জোবাইদা রহমানকে নিয়ে নানামুখী আলোচনা শুরু হয়। কারাগারে বিএনপি চেয়ারপারসনের স্বাস্থ্যের অবনতি নিয়ে আলোচনা শুরু হলে বিএনপি নেতাদের বরাত দিয়ে গণমাধ্যমে এমন খবরও প্রকাশ পায়, জোবাইদা দেশে ফিরে খালেদা জিয়ার সঙ্গে দেখা করবেন। তাঁরই পরামর্শে পরবর্তী চিকিৎসা কী হবে, সে ব্যাপারে সিদ্ধান্ত নেওয়া হবে।</p><p >? ?িকিৎসক হিসেবে খালেদা জিয়াকে দেখতে আসছেন—সাম্প্রতিক সময়ে এমন আলোচনা হলেও জোবাইদাকে নিয়ে বিএনপির মধ্যে দীর্ঘদিন ধরেই আলোচনা আছে। তারেকের অনুপস্থিতি এবং খালেদা জিয়াকে সহায়তা করতে তিনি দেশে এসে রাজনীতিতে ঢুকবেন—এমন আলোচনা বহু বছর ধরেই চলছে। কিন্তু তারেকের পাসপোর্ট বিতর্কের মধ্যে পররাষ্ট্র প্রতিমন্ত্রী শাহরিয়ার আলমের একটি চিঠি বিএনপির সেই ভাবনাকে ফিকে করে তুলেছে। পররাষ্ট্র প্রতিমন্ত্রীর বক্তব্য অনুযায়ী তারেক রহমানের পাশাপাশি জোবাইদা রহমান ও তাঁদের একমাত্র মেয়েও যুক্তরাজ্যের স্বরাষ্ট্র দপ্তরে পাসপোর্ট জমা দিয়েছেন, যা এখন ব্রিটেনে বাংলাদেশ দূতাবাসে জমা আছে।</p><p >? ?িএনপির স্থায়ী কমিটির সদস্য, সহসভাপতি ও মধ্যম সারির দায়িত্বশীল ছয়জন নেতার সঙ্গে সম্প্রতি প্রথম আলোর কথা হয়েছে। তাঁরা বলছেন, রাজনৈতিক আশ্রয় নেওয়ায় তারেকের পাশাপাশি জোবাইদা রহমানও পাসপোর্ট জমা দিয়েছেন। ফলে তারেকের মতো তাঁরও আপাতত দেশে আসার ইচ্ছে নেই বলেই তাঁরা মনে করছেন।</p><p >? ?ানতে চাইলে বিএনপির স্থায়ী কমিটির সদস্য খন্দকার মোশাররফ বলেন, যেকোনো দেশে যে–কেউ রাজনৈতিক আশ্রয় নিলে সে দেশের সরকারের কাছে পাসপোর্ট দিতে হয়। ব্রিটেনে তারেক রহমান, তাঁর পরিবার রাজনৈতিক আশ্রয়ে আছেন—এটি সবাই জানেন। তিনি বলেন, ‘যদি জোবাইদা রহমান ইচ্ছা করেন, যদি তিনি অ্যাপ্লাই (আবেদন) করেন হোম মিনিস্ট্রিতে যে আমার যাওয়ার ব্যাপারে কোনো ভয়ের সম্ভাবনা নেই বা আমি দেশে গেলে নিপীড়নের শিকার হব না কিংবা নিরাপদ বোধ করছি, তৎক্ষণাৎ তাঁকে পাসপোর্ট ফেরত দিয়ে দেবে।’ জোবাইদা রহমান দেশে ফিরে আসবেন কি না এবং রাজনীতিতে সক্রিয় হবেন কি না, এ বিষয়ে তাঁর ধারণা নেই বলে জানান মোশাররফ হোসেন।&nbsp;<br ><br >? ?িকিৎসক জোবাইদা রহমান লন্ডনে যাওয়ার আগে দেশে সরকারি চাকরি করতেন। দেশে থাকতে তিনি কখনো সরাসরি রাজনীতি করেননি। এসব কারণে দীর্ঘদিন ধরে বিএনপির ভেতরে–বাইরে তাঁকে নিয়ে আলোচনা ছিল। তাঁর বিষয়ে দলের ভেতরেও ইতিবাচক ধারণা রয়েছে। এসব কারণে অনেকে মনে করেন, জোবাইদা রহমান দেশে ফিরে রাজনীতিতে সক্রিয় ভূমিকা রাখবেন। তা ছাড়া আইনের দৃষ্টিতে তারেক রহমান পলাতক আসামি হলেও জোবাইদা রহমানের তেমন কোনো সমস্যা নেই। যদিও ২০০৭ সালের ২৬ সেপ্টেম্বর ঘোষিত আয়ের বাইরে ৪ কোটি ৮১ লাখ ৫৩ হাজার ৫৬১ টাকার মালিক হওয়া এবং সম্পদের তথ্য গোপনের অভিযোগে জোবাইদা রহমানের বিরুদ্ধে ঢাকার কাফরুল থানায় একটি মামলা করে দুর্নীতি দমন কমিশন (দুদক)। এই মামলায় তাঁর মা ইকবাল মান্দ বানুকেও আসামি করা হয়।</p><p >? ?ারেক রহমানের স্ত্রী জোবাইদা রহমানের বিষয়ে বিএনপির জ্যেষ্ঠ নেতারা বলছেন, তিনি দেশে ফিরে রাজনীতিতে যোগ দিতে চাইলে তাঁরা তাঁকে দল স্বাগত জানাবেন। কিন্তু তিনি না এলে যে বিএনপি অনেক বেশি সমস্যায় পড়বে, এটা ভাবা ঠিক না। এখন যে রাজনৈতিক পরিস্থিতি তাতে দলের পরীক্ষিত নেতারা সমন্বয় করে দল চালাচ্ছেন। তাঁদের মত, জোবাইদা দেশে আসতে চাইলে খুব বেশি সমস্যা হবে না। তিনি চাইলেই দেশে ফিরতে পারবেন। তবে দলটির অনেক নেতাই মনে করেন, জোবাইদা রহমান কখনো রাজনীতি করেননি। এ কারণে তাঁকে নিয়ে কোনো বিতর্ক নেই। দলের কাছেও তিনি জনপ্রিয়। তিনি দেশে এসে রাজনীতিতে সক্রিয় হলে বিএনপির মাঠপর্যায়ের নেতা–কর্মীরা ‘ভরসা’ পেতেন। খালেদা জিয়ার কারাবাস দীর্ঘ হলে আগামী নির্বাচনের আগে জোবাইদা নিয়ে দলের মধ্যে আলোচনা ছিল। তাঁর রাজনৈতিক আশ্রয় নেওয়ার খবরে দলের মধ্যে, অনেক নেতা–কর্মীর মধ্যে কিছুটা হতাশা এসেছে। কেননা, জোবাইদা থাকলে জিয়া পরিবারের কেউ একজনকে সরাসরি পেতেন নেতা–কর্মীরা।</p><p >? ?োবাইদা রহমানের রাজনীতিতে সক্রিয় হওয়া এবং রাজনৈতিক আশ্রয় নেওয়ার ব্যাপারে বিএনপির স্থায়ী কমিটির সদস্য মাহবুবুর রহমান প্রথম আলোকে বলেন, ‘আমি মনে করি, পরিবারের মধ্যে রাজনীতি থাকতে হবে এটা পুরোনো চিন্তাভাবনা, এটি প্রাচীন যুগের কথা। একটি গণতান্ত্রিক এবং প্রগ্রেসিভ সোসাইটিতে বা ওয়েস্টার্ন কান্ট্রিতে এগুলো থাকে না। আমি মনে করি না জোবাইদা রহমান ফিরতে না পারলে সমস্যা হবে। এ নিয়ে পার্টির মধ্যে কোনো চিন্তা করাও ভুল। কারণ, তাহলে একটি দেউলিয়াপনা চলে আসে।’</p><p >এক প্রশ্নের জবাবে মাহবুবুর রহমান প্রথম আলোকে বলেন, ‘আমি জানি না জোবাইদা রহমান কী চান। অনেক কিছুই এখন ডিপেন্ড (নির্ভর) করে। জোবাইদা রহমানের পাসপোর্ট তো তাঁর হাতে নেই। এটি ভবিষ্যৎই বলে দেবে।’ তিনি আরও বলেন, ‘একবার শুনেছিলাম, প্রাইম মিনিস্টার (প্রধানমন্ত্রী শেখ হাসিনা) উনিও বলেছিলেন যে জোবাইদা রহমান রাজনীতিতে আসেন না কেন? সে ক্ষেত্রে এটি একটি ভালো দিক। তিনি লেখাপড়ায় ভালো। পেশায় ডাক্তার। রাজনীতিতে তাঁর কতটুকু ইন্টারেস্ট (আগ্রহ) আছে, সেটিও একটি ব্যাপার।’</p>', '', 'images/e594505274d749b6ae93482816d7c57f-5ae43e4a6336a.jpg', 1, 1, '2018-04-29 20:20:16', 'Md. Momin'),
(44, 12, ' শিগগিরই বিয়ের পিঁড়িতে বসতে যাচ্ছেন ‘দীপবীর’', '<p >? ?নুশকা শর্মা ও বিরাট কোহলির বিয়ের পর সাধারণ বিয়ের কথা ভুলেই গেছে বলিউড। সব জায়গাতেই এখন রহস্য খোঁজা হচ্ছে। গণমাধ্যমগুলো হয়ে উঠেছে আগের চেয়ে বেশি সন্দেহপ্রবণ। তাই তো বছরের শুরুর থেকেই কখনো শোনা যাচ্ছে সোনম কাপুর-আনন্দ আহুজার বিয়ের গুঞ্জন তো কখনো দীপিকা পাড়ুকোন ও রণবীর সিংয়ের ঘর বাঁধার গুজব। ভারতীয় কয়েকটি পত্রিকার তথ্য অনুযায়ী শিগগিরই বিয়ের পিঁড়িতে বসতে যাচ্ছে ‘দীপবীর’ জুটি। ‘বাজিরাও মাস্তানি’ ছবির এই জুটির মা-বাবা নাকি একসঙ্গে বসে বিয়ের আলোচনা সেরে ফেলেছেন। কোথায় বিয়ের আয়োজন হবে, তা নিয়ে এখন ভক্তদের মাঝে জল্পনা চলছে।</p><p >? ?োর গুঞ্জন, মুম্বাই আর বেঙ্গালুরুতে দুটি আলাদা বিবাহোত্তর সংবর্ধনার আয়োজন করবেন দীপিকা ও রণবীর। বিয়ের অনুষ্ঠানে উপস্থিত থাকবেন দুই পক্ষের খুব কাছের পারিবারিক সদস্য ও বন্ধুরা। ‘বিরুশকা’র যেমন দিল্লি ও মুম্বাইতে দুটি আলাদা বউভাত হয়েছিল, এই জুটিও দুই শহরে দুটি ভিন্ন বউভাত কেন করতে চান, তার কারণ অজানা। প্রতিবেদন অনুযায়ী চলতি বছর সেপ্টেম্বর থেকে ডিসেম্বরের মধ্যে যেকোনো দিন গাঁটছড়া বাঁধবেন দীপিকা ও রণবীর। মা আর ছোট বোন আনিশার সঙ্গে বেঙ্গালুরুতে বিয়ের গয়না কিনতেও দেখা গেছে দীপিকাকে। আবার কিছুদিন আগে দক্ষিণ মুম্বাইয়ে বাড়ি খুঁজতে দেখা গেছে তাঁদের। সেখানে আনুশকা আর বিরাটের অ্যাপার্টমেন্টের খুব কাছেই একটি বাড়ি পছন্দ হয়েছে তাঁদের। বিয়ের পর সেখানে উঠলে বিরুশকা হবেন দীপবীরের প্রতিবেশী। কিন্তু রণবীরের পুরোনো প্রেমিকা আনুশকার প্রতিবেশী হতে দীপিকা রাজি হবেন কি না, সেটিও চিন্তার বিষয়।</p><p >? ?দিকে বলিউডের বাতাসে তাঁদের বিয়ের গুঞ্জন ভেসে বেড়ালেও রণবীর বলছেন, তাঁরা দুজনেই এখন কাজ নিয়ে ভীষণ ব্যস্ত। দম ফেলার ফুরসত নেই। আর বিয়ে ঠিক হলে নাকি এই নায়ক নিজেই সবাইকে গলা ফাটিয়ে সে খবর জানাবেন। দীপিকা বা রণবীরকে বোঝা বড় দায়। তাঁরা দুজনের কেউই তাঁদের প্রেমের কথা কখনো স্বীকার করেন না, আবার অস্বীকারও করেন না। তাঁদের সম্পর্ক এখন ‘ওপেন সিক্রেট’। দুজন দুজনের কত কাছের, সেটি যেকোনো অনুষ্ঠানে তাঁদের একসঙ্গে দেখলেই বোঝা যায়। তা ছাড়া সুযোগ পেলেই একজন আরেকজনের প্রশংসার বন্যা বইয়ে দেন। এতেও তো স্পষ্ট যে তাঁরা বন্ধুর থেকেও একটুখানি বেশি।</p><p >পাঠক আগেই জেনেছেন, এবার জন্মদিনে রণবীর সিংয়ের মা-বাবা হবু বধূ দীপিকাকে একটি দামি শাড়ি আর হীরার গয়না উপহার দিয়েছেন। আর দীপিকার বাবা সাবেক ব্যাডমিন্টন খেলোয়াড় প্রকাশ পাড়ুকোনের তো রণবীরকে খুব পছন্দ। তাই তাঁদের বিয়ে এখন সময়ের ব্যাপার মাত্র। তবে চারদিকে যতই গুঞ্জন থাকুক না কেন, দুই পরিবারের কোনো নির্ভরযোগ্য সূত্র থেকে এখনো আনুষ্ঠানিক ঘোষণা আসা বাকি। হার্টথ্রব দীপিকা আর হ্যান্ডসাম রণবীরের পুরুষ ও নারী ভক্তদের জন্য এটি এখন আশার বাণী। টাইমস অব ইন্ডিয়া</p>', '<p >? ?নুশকা শর্মা ও বিরাট কোহলির বিয়ের পর সাধারণ বিয়ের কথা ভুলেই গেছে বলিউড। সব জায়গাতেই এখন রহস্য খোঁজা হচ্ছে। গণমাধ্যমগুলো হয়ে উঠেছে আগের চেয়ে বেশি সন্দেহপ্রবণ। তাই তো বছরের শুরুর থেকেই কখনো শোনা যাচ্ছে সোনম কাপুর-আনন্দ আহুজার বিয়ের গুঞ্জন তো কখনো দীপিকা পাড়ুকোন ও রণবীর সিংয়ের ঘর বাঁধার গুজব। ভারতীয় কয়েকটি পত্রিকার তথ্য অনুযায়ী শিগগিরই বিয়ের পিঁড়িতে বসতে যাচ্ছে ‘দীপবীর’ জুটি। ‘বাজিরাও মাস্তানি’ ছবির এই জুটির মা-বাবা নাকি একসঙ্গে বসে বিয়ের আলোচনা সেরে ফেলেছেন। কোথায় বিয়ের আয়োজন হবে, তা নিয়ে এখন ভক্তদের মাঝে জল্পনা চলছে।</p><p >? ?োর গুঞ্জন, মুম্বাই আর বেঙ্গালুরুতে দুটি আলাদা বিবাহোত্তর সংবর্ধনার আয়োজন করবেন দীপিকা ও রণবীর। বিয়ের অনুষ্ঠানে উপস্থিত থাকবেন দুই পক্ষের খুব কাছের পারিবারিক সদস্য ও বন্ধুরা। ‘বিরুশকা’র যেমন দিল্লি ও মুম্বাইতে দুটি আলাদা বউভাত হয়েছিল, এই জুটিও দুই শহরে দুটি ভিন্ন বউভাত কেন করতে চান, তার কারণ অজানা। প্রতিবেদন অনুযায়ী চলতি বছর সেপ্টেম্বর থেকে ডিসেম্বরের মধ্যে যেকোনো দিন গাঁটছড়া বাঁধবেন দীপিকা ও রণবীর। মা আর ছোট বোন আনিশার সঙ্গে বেঙ্গালুরুতে বিয়ের গয়না কিনতেও দেখা গেছে দীপিকাকে। আবার কিছুদিন আগে দক্ষিণ মুম্বাইয়ে বাড়ি খুঁজতে দেখা গেছে তাঁদের। সেখানে আনুশকা আর বিরাটের অ্যাপার্টমেন্টের খুব কাছেই একটি বাড়ি পছন্দ হয়েছে তাঁদের। বিয়ের পর সেখানে উঠলে বিরুশকা হবেন দীপবীরের প্রতিবেশী। কিন্তু রণবীরের পুরোনো প্রেমিকা আনুশকার প্রতিবেশী হতে দীপিকা রাজি হবেন কি না, সেটিও চিন্তার বিষয়।</p><p >? ?দিকে বলিউডের বাতাসে তাঁদের বিয়ের গুঞ্জন ভেসে বেড়ালেও রণবীর বলছেন, তাঁরা দুজনেই এখন কাজ নিয়ে ভীষণ ব্যস্ত। দম ফেলার ফুরসত নেই। আর বিয়ে ঠিক হলে নাকি এই নায়ক নিজেই সবাইকে গলা ফাটিয়ে সে খবর জানাবেন। দীপিকা বা রণবীরকে বোঝা বড় দায়। তাঁরা দুজনের কেউই তাঁদের প্রেমের কথা কখনো স্বীকার করেন না, আবার অস্বীকারও করেন না। তাঁদের সম্পর্ক এখন ‘ওপেন সিক্রেট’। দুজন দুজনের কত কাছের, সেটি যেকোনো অনুষ্ঠানে তাঁদের একসঙ্গে দেখলেই বোঝা যায়। তা ছাড়া সুযোগ পেলেই একজন আরেকজনের প্রশংসার বন্যা বইয়ে দেন। এতেও তো স্পষ্ট যে তাঁরা বন্ধুর থেকেও একটুখানি বেশি।</p><p >পাঠক আগেই জেনেছেন, এবার জন্মদিনে রণবীর সিংয়ের মা-বাবা হবু বধূ দীপিকাকে একটি দামি শাড়ি আর হীরার গয়না উপহার দিয়েছেন। আর দীপিকার বাবা সাবেক ব্যাডমিন্টন খেলোয়াড় প্রকাশ পাড়ুকোনের তো রণবীরকে খুব পছন্দ। তাই তাঁদের বিয়ে এখন সময়ের ব্যাপার মাত্র। তবে চারদিকে যতই গুঞ্জন থাকুক না কেন, দুই পরিবারের কোনো নির্ভরযোগ্য সূত্র থেকে এখনো আনুষ্ঠানিক ঘোষণা আসা বাকি। হার্টথ্রব দীপিকা আর হ্যান্ডসাম রণবীরের পুরুষ ও নারী ভক্তদের জন্য এটি এখন আশার বাণী। টাইমস অব ইন্ডিয়া</p>', 'images/e594505274d749b6ae93482816d7c57f-5ae43e4a6336a3.jpg', 1, 10, '2018-04-29 20:33:19', 'Md. Momin'),
(43, 12, ' বলিউডে পাল্টে যাচ্ছে নারী চরিত্রের রূপায়ণ', '<span >? ?লিউড চলচ্চিত্রে নারী চরিত্রের রূপায়ণ পাল্টে যাচ্ছে। ‘ভিরে দি ওয়েডিং’-এর ট্রেলার আপাতত তাই বলে। চলচ্চিত্রটির গল্প নারীদের নিয়ে। ট্রেলার মুক্তির পর অভিনেত্রী সোনম কাপুরের মুখেও শোনা গেল একই কথা-চলচ্চিত্রটি দেখে বলিউডের গল্পে নারী চরিত্র তৈরিতে পরিবর্তন আসবে।</span><br ><br ><span >বলিউডের বাণিজ্যিক সিনেমায় নারীরা নায়কদের আড়ালে থেকে যান। ইদানীং এই দৃশ্য পাল্টাচ্ছে। নারীর জন্য আলাদা করে ভালো চরিত্র লেখা হচ্ছে। ‘কাহানি’ সিরিজ, ‘নিরজা’ কিংবা ‘হিচকি’ এর বড় প্রমাণ। আর ‘ভিরে দি ওয়েডিং’ ছবির ট্রেলার দেখাল নায়ক ছাড়াও কেবল নারীকেন্দ্রিক বাণিজ্যিক ছবি হয়। নারীদের জন্যও আলাদা করে চরিত্র লেখা যায়।</span>', '<span >? ?লিউড চলচ্চিত্রে নারী চরিত্রের রূপায়ণ পাল্টে যাচ্ছে। ‘ভিরে দি ওয়েডিং’-এর ট্রেলার আপাতত তাই বলে। চলচ্চিত্রটির গল্প নারীদের নিয়ে। ট্রেলার মুক্তির পর অভিনেত্রী সোনম কাপুরের মুখেও শোনা গেল একই কথা-চলচ্চিত্রটি দেখে বলিউডের গল্পে নারী চরিত্র তৈরিতে পরিবর্তন আসবে।</span><br ><br ><span >বলিউডের বাণিজ্যিক সিনেমায় নারীরা নায়কদের আড়ালে থেকে যান। ইদানীং এই দৃশ্য পাল্টাচ্ছে। নারীর জন্য আলাদা করে ভালো চরিত্র লেখা হচ্ছে। ‘কাহানি’ সিরিজ, ‘নিরজা’ কিংবা ‘হিচকি’ এর বড় প্রমাণ। আর ‘ভিরে দি ওয়েডিং’ ছবির ট্রেলার দেখাল নায়ক ছাড়াও কেবল নারীকেন্দ্রিক বাণিজ্যিক ছবি হয়। নারীদের জন্যও আলাদা করে চরিত্র লেখা যায়।</span>', 'images/e594505274d749b6ae93482816d7c57f-5ae43e4a6336a2.jpg', 1, 4, '2018-04-29 20:28:50', 'Md. Momin'),
(45, 13, 'ryyy', '0', '0', 'images/1a4293886fdedb403fea3a1b8d9904ce-5ae4c62d5ef5e.jpg', 1, 10, '2018-04-29 22:01:06', 'Md. Momin'),
(46, 15, 'hhhhh', 'oooooooooooooooooooo', 'oooooooooooooooooooo', 'images/1a4293886fdedb403fea3a1b8d9904ce-5ae4c62d5ef5e1.jpg', 1, 1, '2018-04-29 22:07:07', 'Md. Momin'),
(47, 14, 'hhhhi', 'ppppppppppppppppppppppppppp', 'ppppppppppppppppppppppppppp', 'images/e594505274d749b6ae93482816d7c57f-5ae43e4a6336a4.jpg', 1, 1, '2018-04-29 22:09:02', 'Md. Momin'),
(48, 11, 'ggg', 'yyyyyyyy', 'oooo', 'images/1a4293886fdedb403fea3a1b8d9904ce-5ae4c62d5ef5e2.jpg', 1, 6, '2018-04-29 22:13:40', 'Md. Momin');

-- --------------------------------------------------------

--
-- Table structure for table `tbl_category`
--

CREATE TABLE `tbl_category` (
  `category_id` int(2) NOT NULL,
  `category_name` varchar(50) NOT NULL,
  `category_description` text NOT NULL,
  `publication_status` tinyint(1) NOT NULL DEFAULT '0'
) ENGINE=MyISAM DEFAULT CHARSET=utf8;

--
-- Dumping data for table `tbl_category`
--

INSERT INTO `tbl_category` (`category_id`, `category_name`, `category_description`, `publication_status`) VALUES
(11, 'রাজনীতি', 'সভাপতি ও সেক্রেটারি দলের মধ্যে সংঘর্ষ', 1),
(10, 'খেলা', 'ইন্টার ফ্যাকাল্টি&nbsp;', 1),
(12, 'বিনোদন', 'বিনোদনই সুখের মূল', 1),
(13, 'শিক্ষা', 'শিক্ষাই জাতির অহংকার', 1),
(14, 'প্রশাসন', 'ইউনিভার্সিটি নিয়ন্ত্রণ বিভাগ', 1),
(15, 'শিক্ষার্থী', 'ইউনিভার্সিটির প্রাণ', 1);

-- --------------------------------------------------------

--
-- Table structure for table `tbl_comments`
--

CREATE TABLE `tbl_comments` (
  `comments_id` int(5) NOT NULL,
  `blog_id` int(5) NOT NULL,
  `comments_author_name` varchar(50) NOT NULL,
  `comments_author_email` varchar(100) NOT NULL,
  `comments` text NOT NULL,
  `publication_status` tinyint(1) NOT NULL DEFAULT '0',
  `created_date_time` timestamp NOT NULL DEFAULT CURRENT_TIMESTAMP
) ENGINE=MyISAM DEFAULT CHARSET=utf8;

--
-- Dumping data for table `tbl_comments`
--

INSERT INTO `tbl_comments` (`comments_id`, `blog_id`, `comments_author_name`, `comments_author_email`, `comments`, `publication_status`, `created_date_time`) VALUES
(14, 48, 'Jarif', 'abc@gmail.com', 'Awesome', 1, '2018-05-01 06:17:28');

-- --------------------------------------------------------

--
-- Table structure for table `tbl_event`
--

CREATE TABLE `tbl_event` (
  `event_id` int(100) NOT NULL,
  `event_name` varchar(100) NOT NULL,
  `event_description` text NOT NULL,
  `ticket_price` int(100) NOT NULL,
  `publication_status` tinyint(1) NOT NULL,
  `created_date_time` timestamp NOT NULL DEFAULT CURRENT_TIMESTAMP,
  `author_name` varchar(50) NOT NULL
) ENGINE=InnoDB DEFAULT CHARSET=utf8;

--
-- Dumping data for table `tbl_event`
--

INSERT INTO `tbl_event` (`event_id`, `event_name`, `event_description`, `ticket_price`, `publication_status`, `created_date_time`, `author_name`) VALUES
(1, 'IT Curnival 2018', '<p >? ?িএসটিইউ সিএসই আইটি কার্নিভাল-২০১৮’ শীর্ষক এই আয়োজন চলবে শুক্রবার পর্যন্ত<span >? ?&nbsp;</span>বিশ্ববিদ্যালয়টির&nbsp;কম্পিউটার সায়েন্স অ্যান্ড ইন্জিনিয়ারিং বিভাগ এই কার্নিভালের আয়োজন করছে।</p><p >এতে থাকবে প্রোগ্রামিং, গেইমিং এবং&nbsp;রুবিক্স প্রতিযোগিতা। এছাড়া থাকবে আইডিয়া ও প্রজেক্ট প্রদশর্নী। গেইমিং প্রতিযোগিতায় খেলা যাবে ফিফা-১৪, সিএস গো এবং ‘নিড ফর স্পিড মোস্ট&nbsp;ওয়ান্টেড’ গেইম।</p>', 30, 1, '2018-04-26 15:43:13', '');

-- --------------------------------------------------------

--
-- Table structure for table `tbl_user`
--

CREATE TABLE `tbl_user` (
  `user_id` int(5) NOT NULL,
  `user_name` varchar(50) NOT NULL,
  `email_address` varchar(100) NOT NULL,
  `password` varchar(32) NOT NULL,
  `age` int(3) NOT NULL
) ENGINE=MyISAM DEFAULT CHARSET=utf8;

--
-- Dumping data for table `tbl_user`
--

INSERT INTO `tbl_user` (`user_id`, `user_name`, `email_address`, `password`, `age`) VALUES
(8, 'Jarif', 'abc@gmail.com', '827ccb0eea8a706c4c34a16891f84e7b', 30),
(7, 'Md.Momin', 'momin@gmail.com', '827ccb0eea8a706c4c34a16891f84e7b', 23);

--
-- Indexes for dumped tables
--

--
-- Indexes for table `tbl_admin`
--
ALTER TABLE `tbl_admin`
  ADD PRIMARY KEY (`admin_id`);

--
-- Indexes for table `tbl_blog`
--
ALTER TABLE `tbl_blog`
  ADD PRIMARY KEY (`blog_id`);

--
-- Indexes for table `tbl_category`
--
ALTER TABLE `tbl_category`
  ADD PRIMARY KEY (`category_id`);

--
-- Indexes for table `tbl_comments`
--
ALTER TABLE `tbl_comments`
  ADD PRIMARY KEY (`comments_id`);

--
-- Indexes for table `tbl_event`
--
ALTER TABLE `tbl_event`
  ADD PRIMARY KEY (`event_id`);

--
-- Indexes for table `tbl_user`
--
ALTER TABLE `tbl_user`
  ADD PRIMARY KEY (`user_id`);

--
-- AUTO_INCREMENT for dumped tables
--

--
-- AUTO_INCREMENT for table `tbl_admin`
--
ALTER TABLE `tbl_admin`
  MODIFY `admin_id` int(2) NOT NULL AUTO_INCREMENT, AUTO_INCREMENT=5;
--
-- AUTO_INCREMENT for table `tbl_blog`
--
ALTER TABLE `tbl_blog`
  MODIFY `blog_id` int(5) NOT NULL AUTO_INCREMENT, AUTO_INCREMENT=49;
--
-- AUTO_INCREMENT for table `tbl_category`
--
ALTER TABLE `tbl_category`
  MODIFY `category_id` int(2) NOT NULL AUTO_INCREMENT, AUTO_INCREMENT=16;
--
-- AUTO_INCREMENT for table `tbl_comments`
--
ALTER TABLE `tbl_comments`
  MODIFY `comments_id` int(5) NOT NULL AUTO_INCREMENT, AUTO_INCREMENT=15;
--
-- AUTO_INCREMENT for table `tbl_event`
--
ALTER TABLE `tbl_event`
  MODIFY `event_id` int(100) NOT NULL AUTO_INCREMENT, AUTO_INCREMENT=2;
--
-- AUTO_INCREMENT for table `tbl_user`
--
ALTER TABLE `tbl_user`
  MODIFY `user_id` int(5) NOT NULL AUTO_INCREMENT, AUTO_INCREMENT=9;COMMIT;

/*!40101 SET CHARACTER_SET_CLIENT=@OLD_CHARACTER_SET_CLIENT */;
/*!40101 SET CHARACTER_SET_RESULTS=@OLD_CHARACTER_SET_RESULTS */;
/*!40101 SET COLLATION_CONNECTION=@OLD_COLLATION_CONNECTION */;
